{"stats":{"minecraft:used":{"minecraft:oak_fence":128,"minecraft:oak_trapdoor":11,"minecraft:orange_dye":1,"minecraft:jack_o_lantern":1,"minecraft:jungle_leaves":50,"minecraft:iron_bars":1,"minecraft:red_sand":156,"minecraft:stone_sword":7,"minecraft:polished_deepslate":11,"minecraft:smooth_quartz_slab":42,"minecraft:armor_stand":1,"minecraft:red_concrete":109,"minecraft:redstone":4,"minecraft:spruce_slab":82,"minecraft:polished_blackstone":1,"minecraft:ladder":15,"minecraft:bone_block":6,"minecraft:oak_sign":7,"minecraft:stripped_warped_stem":2,"minecraft:white_concrete_powder":1,"minecraft:spruce_planks":298,"minecraft:chest":15,"minecraft:white_terracotta":1,"minecraft:tinted_glass":8,"minecraft:stone":183,"minecraft:stripped_jungle_wood":6,"minecraft:deepslate_gold_ore":2,"minecraft:quartz_stairs":48,"minecraft:stripped_birch_wood":5,"minecraft:smooth_sandstone_stairs":5,"minecraft:netherrack":101,"minecraft:stripped_crimson_stem":2,"minecraft:dried_kelp_block":2,"minecraft:green_terracotta":15,"minecraft:oak_door":1,"minecraft:spruce_leaves":6,"minecraft:anvil":107,"minecraft:brewing_stand":2,"minecraft:dirt":146,"minecraft:soul_sand":1,"minecraft:cocoa_beans":2,"minecraft:target":2,"minecraft:hopper":1,"minecraft:chorus_flower":8,"minecraft:spruce_stairs":23,"minecraft:cobblestone_wall":3,"minecraft:crimson_hyphae":1,"minecraft:diamond_helmet":1,"minecraft:deepslate_brick_slab":255,"minecraft:oak_wood":207,"minecraft:raw_iron_block":1,"minecraft:spruce_fence":22,"minecraft:dead_brain_coral_block":1,"minecraft:weeping_vines":13,"minecraft:obsidian":38,"minecraft:polished_diorite":2,"minecraft:polished_deepslate_stairs":2,"minecraft:andesite_wall":1,"minecraft:shroomlight":58,"minecraft:glass":15,"minecraft:stone_brick_slab":1,"minecraft:crimson_button":1,"minecraft:lava_bucket":168,"minecraft:villager_spawn_egg":5,"minecraft:quartz_pillar":19,"minecraft:quartz_slab":8,"minecraft:spruce_wood":69,"minecraft:grass_block":185,"minecraft:jungle_log":7,"minecraft:crimson_slab":1,"minecraft:quartz_block":17,"minecraft:polished_blackstone_brick_wall":1,"minecraft:dark_oak_wood":29,"minecraft:dark_oak_slab":442,"minecraft:smooth_quartz":36,"minecraft:lime_dye":1,"minecraft:raw_gold_block":1,"minecraft:stone_bricks":333,"minecraft:item_frame":14,"minecraft:bamboo":1,"minecraft:bedrock":9,"minecraft:diamond_chestplate":1,"minecraft:repeater":16,"minecraft:redstone_lamp":5,"minecraft:magma_block":4,"minecraft:bow":2,"minecraft:scaffolding":2,"minecraft:emerald_block":9,"minecraft:iron_trapdoor":1,"minecraft:jungle_button":1,"minecraft:deepslate_tile_stairs":16,"minecraft:black_dye":1,"minecraft:podzol":17,"minecraft:gold_block":1,"minecraft:acacia_wood":67,"minecraft:cooked_beef":23,"minecraft:fire_coral_fan":1,"minecraft:cobbled_deepslate":5,"minecraft:seagrass":260,"minecraft:stripped_spruce_wood":7,"minecraft:brain_coral_block":1,"minecraft:deepslate_brick_wall":12,"minecraft:quartz_bricks":8,"minecraft:chiseled_polished_blackstone":1,"minecraft:dark_oak_stairs":17,"minecraft:water_bucket":150,"minecraft:end_rod":23,"minecraft:end_stone_bricks":53,"minecraft:diamond_boots":1,"minecraft:cobblestone_stairs":82,"minecraft:stripped_acacia_log":1,"minecraft:wither_skeleton_skull":2,"minecraft:oak_planks":57,"minecraft:bubble_coral_fan":1,"minecraft:birch_wood":1,"minecraft:cactus":2,"minecraft:ender_pearl":63,"minecraft:sandstone":3,"minecraft:structure_void":2,"minecraft:jungle_pressure_plate":3,"minecraft:redstone_block":29,"minecraft:end_stone_brick_slab":1,"minecraft:cauldron":1,"minecraft:sugar_cane":3,"minecraft:glow_ink_sac":1,"minecraft:cobblestone_slab":14,"minecraft:deepslate_bricks":636,"minecraft:oak_leaves":50,"minecraft:gilded_blackstone":1,"minecraft:smooth_quartz_stairs":20,"minecraft:white_wool":1,"minecraft:dark_oak_trapdoor":5,"minecraft:diamond_block":1,"minecraft:blue_dye":2,"minecraft:sand":455,"minecraft:tnt":26,"minecraft:black_banner":3,"minecraft:blast_furnace":2,"minecraft:deepslate_redstone_ore":1,"minecraft:yellow_concrete":14,"minecraft:oxidized_cut_copper_slab":5,"minecraft:note_block":1,"minecraft:stone_brick_wall":33,"minecraft:end_stone":42,"minecraft:warped_planks":2,"minecraft:spruce_log":276,"minecraft:mushroom_stem":4,"minecraft:deepslate_brick_stairs":62,"minecraft:lightning_rod":17,"minecraft:redstone_torch":3,"minecraft:deepslate_tiles":44,"minecraft:oak_log":17,"minecraft:yellow_dye":1,"minecraft:ender_eye":3,"minecraft:lever":9,"minecraft:flower_pot":1,"minecraft:black_concrete":17,"minecraft:crying_obsidian":1,"minecraft:daylight_detector":2,"minecraft:acacia_sign":1,"minecraft:command_block":3,"minecraft:cracked_polished_blackstone_bricks":2,"minecraft:barrier":1,"minecraft:string":26,"minecraft:purpur_slab":14,"minecraft:spruce_trapdoor":1,"minecraft:deepslate":30,"minecraft:purple_dye":1,"minecraft:spruce_sapling":4,"minecraft:crimson_nylium":28,"minecraft:polished_andesite_slab":1,"minecraft:nether_wart_block":33,"minecraft:coal_block":3,"minecraft:crimson_fungus":2,"minecraft:cobblestone":68,"minecraft:grindstone":9,"minecraft:birch_log":1,"minecraft:chain":1,"minecraft:glass_pane":3,"minecraft:sea_pickle":39,"minecraft:end_portal_frame":5,"minecraft:polished_blackstone_button":9,"minecraft:white_concrete":285,"minecraft:kelp":96,"minecraft:chorus_plant":39,"minecraft:gray_wool":3,"minecraft:bone_meal":49,"minecraft:diamond_leggings":1,"minecraft:diorite_slab":1,"minecraft:gray_stained_glass":17},"minecraft:picked_up":{"minecraft:chainmail_boots":1,"minecraft:ladder":6,"minecraft:string":8,"minecraft:sea_pickle":15,"minecraft:red_sand":8,"minecraft:oak_fence":1,"minecraft:stone_sword":1,"minecraft:weeping_vines":3,"minecraft:chainmail_chestplate":1,"minecraft:kelp":62,"minecraft:spruce_sapling":1,"minecraft:lever":1,"minecraft:chainmail_leggings":1,"minecraft:chainmail_helmet":1,"minecraft:chorus_fruit":2},"minecraft:killed_by":{"minecraft:player":1},"minecraft:custom":{"minecraft:interact_with_anvil":14,"minecraft:leave_game":27,"minecraft:time_since_death":164797,"minecraft:climb_one_cm":4381,"minecraft:sprint_one_cm":1946811,"minecraft:walk_one_cm":965087,"minecraft:drop":6,"minecraft:play_time":886081,"minecraft:deaths":4,"minecraft:sneak_time":33182,"minecraft:walk_under_water_one_cm":285958,"minecraft:jump":5499,"minecraft:walk_on_water_one_cm":58003,"minecraft:total_world_time":886081,"minecraft:interact_with_grindstone":3,"minecraft:time_since_rest":164840,"minecraft:damage_taken":3645,"minecraft:damage_dealt":187,"minecraft:swim_one_cm":244117,"minecraft:fly_one_cm":11608565,"minecraft:player_kills":1,"minecraft:open_chest":52,"minecraft:crouch_one_cm":52855,"minecraft:fall_one_cm":24361},"minecraft:dropped":{"minecraft:oak_fence":1,"minecraft:chainmail_helmet":1,"minecraft:chainmail_leggings":1,"minecraft:stone_sword":1,"minecraft:chainmail_chestplate":1,"minecraft:chainmail_boots":1}},"DataVersion":2724}