{"stats":{"minecraft:used":{"minecraft:oak_fence":307,"minecraft:light_blue_stained_glass_pane":2,"minecraft:netherite_sword":82,"minecraft:chiseled_deepslate":1,"minecraft:jungle_leaves":255,"minecraft:iron_bars":150,"minecraft:red_sand":68,"minecraft:stone_sword":12,"minecraft:acacia_log":4,"minecraft:polished_deepslate":3,"minecraft:orange_concrete":4,"minecraft:brain_coral_fan":11,"minecraft:melon":1,"minecraft:cracked_deepslate_bricks":2,"minecraft:smooth_quartz_slab":46,"minecraft:red_concrete":293,"minecraft:spruce_slab":418,"minecraft:ladder":74,"minecraft:poppy":1,"minecraft:oak_sign":20,"minecraft:polished_basalt":135,"minecraft:spruce_planks":1152,"minecraft:stripped_warped_stem":1,"minecraft:white_concrete_powder":4,"minecraft:green_banner":32,"minecraft:chest":24,"minecraft:ender_chest":1,"minecraft:stone":772,"minecraft:bell":7,"minecraft:quartz_stairs":84,"minecraft:grass":19,"minecraft:bubble_coral":6,"minecraft:green_terracotta":13,"minecraft:tube_coral":8,"minecraft:smooth_sandstone_stairs":4,"minecraft:stripped_crimson_stem":2,"minecraft:netherrack":35,"minecraft:iron_chestplate":1,"minecraft:oak_door":3,"minecraft:spruce_leaves":9,"minecraft:orange_stained_glass":2,"minecraft:torch":2,"minecraft:end_stone_brick_wall":7,"minecraft:soul_sand":3,"minecraft:dirt":81,"minecraft:warped_wart_block":262,"minecraft:anvil":101,"minecraft:chorus_flower":13,"minecraft:blue_stained_glass":1,"minecraft:nether_quartz_ore":4,"minecraft:spruce_stairs":267,"minecraft:cobblestone_wall":39,"minecraft:crimson_hyphae":4,"minecraft:allium":1,"minecraft:cracked_deepslate_tiles":4,"minecraft:deepslate_brick_slab":1689,"minecraft:oak_wood":176,"minecraft:tuff":2,"minecraft:spruce_fence":24,"minecraft:weeping_vines":6,"minecraft:obsidian":26,"minecraft:shroomlight":128,"minecraft:dark_oak_planks":168,"minecraft:wooden_axe":2,"minecraft:stone_brick_slab":1539,"minecraft:lava_bucket":400,"minecraft:netherite_shovel":14,"minecraft:warped_hyphae":1,"minecraft:bookshelf":1,"minecraft:quartz_pillar":33,"minecraft:yellow_stained_glass":1,"minecraft:quartz_slab":7,"minecraft:grass_block":1045,"minecraft:iron_block":21,"minecraft:red_wool":11,"minecraft:spruce_wood":563,"minecraft:blue_orchid":1,"minecraft:deepslate_copper_ore":2,"minecraft:oak_stairs":55,"minecraft:quartz_block":4,"minecraft:green_wool":31,"minecraft:jungle_log":23,"minecraft:crimson_slab":8,"minecraft:warped_nylium":1,"minecraft:dark_oak_wood":2,"minecraft:iron_helmet":1,"minecraft:dark_oak_slab":600,"minecraft:iron_boots":1,"minecraft:smooth_quartz":135,"minecraft:crimson_roots":6,"minecraft:raw_gold_block":11,"minecraft:stone_brick_stairs":1398,"minecraft:barrel":3,"minecraft:stone_bricks":5964,"minecraft:item_frame":2,"minecraft:bamboo":4,"minecraft:bedrock":48,"minecraft:netherite_boots":2,"minecraft:light_gray_wool":153,"minecraft:glowstone":2,"minecraft:repeater":1,"minecraft:redstone_lamp":6,"minecraft:bow":54,"minecraft:black_stained_glass":2,"minecraft:horn_coral":6,"minecraft:hay_block":14,"minecraft:emerald_block":7,"minecraft:iron_trapdoor":27,"minecraft:podzol":9,"minecraft:netherite_pickaxe":29,"minecraft:acacia_wood":123,"minecraft:gold_block":58,"minecraft:cyan_banner":3,"minecraft:horn_coral_block":23,"minecraft:fire_coral_fan":6,"minecraft:seagrass":4,"minecraft:stripped_spruce_wood":4,"minecraft:golden_axe":2,"minecraft:horn_coral_fan":5,"minecraft:iron_leggings":1,"minecraft:pointed_dripstone":3,"minecraft:crimson_stem":22,"minecraft:calcite":4,"minecraft:brain_coral_block":39,"minecraft:deepslate_emerald_ore":3,"minecraft:deepslate_brick_wall":61,"minecraft:emerald_ore":3,"minecraft:dark_oak_stairs":146,"minecraft:water_bucket":678,"minecraft:warped_stem":2,"minecraft:tube_coral_fan":9,"minecraft:end_rod":5,"minecraft:end_stone_bricks":24,"minecraft:cobblestone_stairs":29,"minecraft:tube_coral_block":39,"minecraft:snow_block":3,"minecraft:red_stained_glass":8,"minecraft:cartography_table":6,"minecraft:dark_oak_sign":1,"minecraft:netherite_chestplate":2,"minecraft:jungle_fence":3,"minecraft:red_nether_bricks":4,"minecraft:oak_planks":81,"minecraft:bubble_coral_fan":5,"minecraft:blackstone":2,"minecraft:cactus":2,"minecraft:ender_pearl":80,"minecraft:mossy_stone_brick_stairs":5,"minecraft:redstone_block":14,"minecraft:structure_void":11,"minecraft:end_stone_brick_slab":1,"minecraft:spruce_sign":27,"minecraft:fletching_table":1,"minecraft:beacon":12,"minecraft:sugar_cane":30,"minecraft:cobblestone_slab":47,"minecraft:deepslate_bricks":2821,"minecraft:smooth_quartz_stairs":43,"minecraft:oak_leaves":926,"minecraft:polished_blackstone_bricks":1,"minecraft:gilded_blackstone":4,"minecraft:brain_coral":8,"minecraft:white_wool":53,"minecraft:golden_apple":5,"minecraft:jungle_wood":58,"minecraft:sand":542,"minecraft:netherite_leggings":2,"minecraft:crafting_table":4,"minecraft:loom":6,"minecraft:red_bed":4,"minecraft:blast_furnace":1,"minecraft:birch_sign":1,"minecraft:black_banner":9,"minecraft:yellow_concrete":13,"minecraft:netherite_helmet":2,"minecraft:dripstone_block":14,"minecraft:fire_coral":8,"minecraft:stone_brick_wall":128,"minecraft:spruce_log":1542,"minecraft:end_stone":111,"minecraft:warped_planks":2,"minecraft:smoker":1,"minecraft:mushroom_stem":7,"minecraft:deepslate_brick_stairs":355,"minecraft:lightning_rod":1,"minecraft:birch_fence":2,"minecraft:deepslate_tiles":31,"minecraft:purple_stained_glass":2,"minecraft:lever":14,"minecraft:black_wool":80,"minecraft:black_concrete":114,"minecraft:oxeye_daisy":2,"minecraft:dark_oak_log":1,"minecraft:command_block":5,"minecraft:nether_sprouts":1,"minecraft:barrier":44,"minecraft:string":17,"minecraft:brown_stained_glass":2,"minecraft:stone_button":7,"minecraft:purpur_slab":5,"minecraft:cut_red_sandstone":2,"minecraft:spruce_sapling":7,"minecraft:deepslate":18,"minecraft:crimson_nylium":49,"minecraft:yellow_wool":1,"minecraft:nether_wart_block":199,"minecraft:fire_coral_block":28,"minecraft:coal_block":29,"minecraft:wooden_sword":55,"minecraft:crimson_fungus":10,"minecraft:potion":6,"minecraft:grindstone":2,"minecraft:smithing_table":2,"minecraft:dark_oak_fence":4,"minecraft:bubble_coral_block":34,"minecraft:red_banner":4,"minecraft:birch_log":4,"minecraft:deepslate_coal_ore":1,"minecraft:chain":14,"minecraft:glass_pane":10,"minecraft:polished_blackstone_button":6,"minecraft:end_portal_frame":2,"minecraft:sea_pickle":38,"minecraft:white_concrete":497,"minecraft:dandelion":1,"minecraft:kelp":3,"minecraft:chorus_plant":14,"minecraft:gray_wool":267,"minecraft:brown_mushroom_block":5,"minecraft:bone_meal":2,"minecraft:splash_potion":24,"minecraft:gray_stained_glass":43,"minecraft:soul_torch":3,"minecraft:green_stained_glass":3},"minecraft:killed":{"minecraft:zombie":52},"minecraft:mined":{"minecraft:end_stone":1,"minecraft:oak_wall_sign":2,"minecraft:structure_void":1,"minecraft:grass":4},"minecraft:picked_up":{"minecraft:ladder":13,"minecraft:oak_sign":2,"minecraft:sea_pickle":3,"minecraft:end_stone":1,"minecraft:oak_door":1,"minecraft:stone_button":3,"minecraft:cactus":2,"minecraft:weeping_vines":4,"minecraft:netherite_boots":1,"minecraft:netherite_leggings":1,"minecraft:stone_bricks":1,"minecraft:kelp":3,"minecraft:bell":1,"minecraft:dark_oak_stairs":1,"minecraft:jungle_leaves":1,"minecraft:netherite_helmet":1,"minecraft:lever":5,"minecraft:spruce_sign":1,"minecraft:chorus_fruit":7,"minecraft:ender_pearl":32},"minecraft:broken":{"minecraft:netherite_pickaxe":11,"minecraft:netherite_shovel":1},"minecraft:killed_by":{"minecraft:player":1,"minecraft:zombie":1},"minecraft:custom":{"minecraft:interact_with_anvil":10,"minecraft:mob_kills":53,"minecraft:open_barrel":1,"minecraft:fill_cauldron":1,"minecraft:bell_ring":30,"minecraft:leave_game":25,"minecraft:time_since_death":73655,"minecraft:climb_one_cm":3084,"minecraft:damage_resisted":110322,"minecraft:sprint_one_cm":601723,"minecraft:walk_one_cm":1426325,"minecraft:drop":17,"minecraft:play_time":1706687,"minecraft:deaths":18,"minecraft:sneak_time":44314,"minecraft:walk_under_water_one_cm":377340,"minecraft:jump":3684,"minecraft:walk_on_water_one_cm":42928,"minecraft:total_world_time":1706687,"minecraft:interact_with_loom":19,"minecraft:time_since_rest":73697,"minecraft:damage_taken":5218,"minecraft:damage_absorbed":96,"minecraft:damage_dealt":4664,"minecraft:interact_with_beacon":1,"minecraft:swim_one_cm":90517,"minecraft:fly_one_cm":12071151,"minecraft:player_kills":1,"minecraft:open_chest":49,"minecraft:crouch_one_cm":20066,"minecraft:fall_one_cm":88088},"minecraft:dropped":{"minecraft:dark_oak_stairs":1,"minecraft:netherite_chestplate":1,"minecraft:netherite_helmet":2,"minecraft:iron_helmet":1,"minecraft:grass_block":1,"minecraft:repeater":1,"minecraft:netherite_boots":2,"minecraft:iron_leggings":1,"minecraft:jungle_leaves":1,"minecraft:iron_boots":1,"minecraft:netherite_leggings":2,"minecraft:iron_chestplate":1,"minecraft:stone_bricks":1,"minecraft:red_sand":1}},"DataVersion":2724}